orig_spec_file_name,EW_Hbeta,err_EW_Hbeta_from_robo,EW_Hdelta,err_EW_Hdelta_from_robo,EW_Hgamma,err_EW_Hgamma_from_robo,EW_Heps,err_EW_Heps_from_robo,EW_CaIIK,err_EW_CaIIK_from_robo,EW_Balmer,err_EW_Balmer_based_Robo,err_EW_Balmer_based_noise_churning,err_EW_Hbeta_based_noise_churning,err_EW_Hdelta_based_noise_churning,err_EW_Hgamma_based_noise_churning,err_EW_Heps_based_noise_churning,err_EW_CaIIK_based_noise_churning,subtype,phase,feh,err_feh,teff,logg,alpha
575020m05.smo,4.751389,2.120506,2.580854,1.182285,2.9195585,1.5181095,16.869068,6.2054325,14.733304,7.205439999999999,2.75020625,2.052203905363625,0.08690299823105584,0.7470168908406206,0.4259945546849748,0.28090889358684873,4.86389112890155,1.6358496825841768,,,-0.5,0.15,5750,2.0,0.4
575020m10.smo,4.056877,1.9788685000000001,2.7413235,1.3597195,3.135465,1.4982905,10.4790345,1.6290675,15.412208499999998,3.1584025,3.03613825,2.1811955633365843,0.36941690278010414,0.7768631578713899,0.4650027201627361,0.6718796130868573,468.11445181881163,1.3255179564761321,,,-1.0,0.15,5750,2.0,0.4
575020m15.smo,3.746289,1.871038,2.925552,1.370731,3.218013,1.511651,7.316772999999999,1.7921919999999998,8.940735,2.25385,3.0954575,2.1711559382029657,0.4193900044588252,0.8346965913973232,0.4617247452104988,0.6665752919237775,0.3620479277461548,0.6181969157980195,,,-1.5,0.15,5750,2.0,0.4
575020m20.smo,3.4206449999999995,1.739852,3.1441060000000003,1.381827,3.15425,1.572336,5.572762,1.739502,5.399654,1.7065720000000002,3.1777355,2.2009427983527883,0.4357050555647729,0.7007310611300486,0.6121423148503523,0.6153351097963262,0.8559937208868726,0.4110097914525178,,,-2.0,0.15,5750,2.0,0.4
575020m25.smo,3.5110464999999995,1.7008134999999998,3.2021505,1.458279,3.2030055,1.524019,4.677359500000001,1.908668,3.5962690000000004,1.4249049999999999,3.2694794999999996,2.142513658794619,0.3970598171488645,0.8190049551337542,0.5214391107613947,0.6419313885523605,0.4880590064813612,0.6141868329052939,,,-2.5,0.15,5750,2.0,0.4
575020p00.smo,6.190815,2.547805,2.469854,1.1026790000000002,3.08644,1.504556,16.118145000000002,2.35625,15.754359,41.648799,2.778147,1.8544516412710792,0.19936938902212556,0.3681644233446066,0.0749314679171722,0.3249074687787621,9.713385343774412,1.3970550556125791,,,0.0,0.15,5750,2.0,0.4
575025m05.smo,5.005643,2.305328,2.33448,1.290292,3.02483,1.849787,11.160912,1.540041,16.093659,2.697461,2.650404,2.2730428688192403,0.4828764541673321,0.9139190709157178,0.41763069654530377,0.7855697777774523,0.4555453467564149,1.2261207674241443,,,-0.5,0.15,5750,2.5,0.4
575025m10.smo,3.8224660000000004,1.983587,2.6017195,1.3837320000000002,2.910668,1.522842,9.746882500000002,1.6666385,14.1563665,3.0867635,2.77426175,2.1159447199729993,0.3538719446798609,0.834693469371866,0.3982819218892259,0.507847937860511,3.1574484641008103,1.4951128329456849,,,-1.0,0.15,5750,2.5,0.4
575025m15.smo,3.6305080000000003,1.838332,2.771763,1.3712535,3.053197,1.4592575,6.9813965,1.859936,8.500454000000001,2.289965,2.9565710000000003,2.0913061838458593,0.3489259838382623,0.9515133832557992,0.43414374638826897,0.49165664248988794,0.6339903730411532,0.9410444847317608,,,-1.5,0.15,5750,2.5,0.4
575025m20.smo,3.351454,1.805305,2.862457,1.430651,2.966876,1.499181,5.317694,1.968666,5.319679,1.793016,2.9124160000000003,2.1200008979111304,0.31976582522190744,0.7614190837615402,0.3718185159958154,0.5623346731234173,0.8896557791629411,0.4711249381307922,,,-2.0,0.15,5750,2.5,0.4
575025m25.smo,3.2558290000000003,1.8151145,2.897946,1.426338,3.0491995000000003,1.555765,4.42462,1.850198,3.53464,1.516294,3.0181095000000004,2.1683260330415126,0.40828752598268464,0.7376774215095706,0.5775889926265008,0.5916856529243296,0.7756948553218012,0.5611621129879281,,,-2.5,0.15,5750,2.5,0.4
575025p00.smo,5.5654005,2.344112,2.714701,1.527724,3.2363245000000003,1.7871994999999998,13.558144,2.814693,16.103825,4.6971115,2.9471075000000004,2.6525865518907654,0.5667713478842237,0.30228994841986995,0.1506976664733067,1.014187019354665,11.277579802536211,1.957432368434541,,,0.0,0.15,5750,2.5,0.4
575025p02.smo,4.6561545,3.0233659999999998,2.687776,0.9544389999999999,3.0811794999999997,1.9101065,15.285082500000001,1.968568,16.145828,15.9796165,2.8844777500000003,2.1448305452544347,0.29431125,0.7413474999999996,0.461246,0.12737650000000025,0.09844250000000088,1.7927329999999992,,,0.2,0.15,5750,2.5,0.4
575030m05.smo,4.2421760000000015,2.241969,2.42638,1.280497,2.663047,1.625642,10.753878,1.612473,15.368882,2.965593,2.6360080000000004,2.097861921338008,0.412433075671614,1.5090025222201613,0.4242382366361943,0.6939218238679343,3.0070738691146515,1.2612935070793152,,,-0.5,0.15,5750,3.0,0.4
575030m10.smo,3.5926760000000004,1.996355,2.596062,1.192073,2.6655740000000003,1.49146,9.287993,1.6720509999999995,12.933754,2.929676,2.696646,1.9554346305545482,0.3451280213443422,0.9379114198312744,0.3968573277187449,0.6271814002984902,0.4188719161877521,1.4725580841158217,,,-1.0,0.15,5750,3.0,0.4
575030m15.smo,3.283647,1.71544,2.5295870000000003,1.1841315000000001,2.7715955,1.4378645,6.808517,1.8689669999999998,8.2676205,2.132858,2.6530250000000004,1.9443618313161766,0.3911079026839129,0.7742428121185764,0.459989774460293,0.5938728522787786,0.517352203858265,0.7477751470579367,,,-1.5,0.15,5750,3.0,0.4
575030m20.smo,2.8370595,1.528646,2.7555045,1.3723485000000002,2.8007435000000003,1.3938840000000001,5.223945499999999,1.950592,5.345082499999999,1.9275900000000001,2.7324224999999998,2.037534005944153,0.3253866791963861,0.6961411793442087,0.4944726758681553,0.4553419321240542,0.6753909242076108,0.5352795246930515,,,-2.0,0.15,5750,3.0,0.4
575030m25.smo,2.9909405,1.6649074999999998,2.5599005000000004,1.315994,2.8124395,1.3906305,4.203168499999999,1.657506,3.5199555,1.538413,2.6902025000000003,1.944149250764637,0.36228295309611336,0.6662071175807268,0.4606480192642596,0.5403459707169266,0.5764435964238482,0.5544647912906207,,,-2.5,0.15,5750,3.0,0.4
575030p00.smo,5.799071000000001,2.8589075,2.3803925,1.4977999999999998,2.8885549999999998,1.7709635,11.829268,2.1504220000000003,16.29449,3.242514,2.64720475,2.375368927790401,0.449158883639273,1.567627358060334,0.39092363372065536,0.736510887066365,2492.275160944257,1.3131598009756975,,,0.0,0.15,5750,3.0,0.4
575030p02.smo,6.16015,2.8795455000000003,2.865773,1.569532,2.8296544999999997,1.9560445,13.076693,2.072646,15.963387999999998,3.4472419999999997,2.7902165,2.609886636673312,0.7386643297738464,0.9327351720286736,0.275512617492574,1.3101642159681741,4.748421444915642,1.9712649875217023,,,0.2,0.15,5750,3.0,0.4
600020m05.smo,5.5621615,2.3922345000000003,3.6244735,1.484357,3.9791035000000003,1.9356229999999999,11.438678999999999,1.6491525000000002,15.830759500000001,2.850244,3.8547629999999997,2.4925181394461013,0.4424558508113047,1.1057156993720447,0.45242660720677397,0.7048836813801992,0.4901605229207705,1.1621272402834741,,,-0.5,0.15,6000,2.0,0.4
600020m10.smo,4.915155,2.101801,3.746843,1.537316,4.028098,1.7791400000000002,9.740479,1.876713,12.641402,2.93677,3.913033,2.421528873666593,0.4309213673494473,0.8343063751058846,0.4878269838873138,0.6957254020586455,0.5100868881243352,1.508272970662584,,,-1.0,0.15,6000,2.0,0.4
600020m15.smo,4.881707,2.0644240000000003,3.822575,1.535339,4.254264,1.7283689999999998,7.222645,1.925049,7.409577,1.971305,4.036822,2.4206881797796678,0.4691305738324665,0.8513421626298159,0.5052168830604712,0.7642917287030909,0.4386682459242329,0.5584608754861984,,,-1.5,0.15,6000,2.0,0.4
600020m20.smo,4.446557,2.001135,4.061684,1.682771,4.179108,1.886042,5.9152,1.969037,4.668832,1.5868790000000002,4.142206999999999,2.5850933920694237,0.45106898390888506,0.7302583609275889,0.579437074672608,0.7088520670921916,0.8597616099238514,0.4809979426240405,,,-2.0,0.15,6000,2.0,0.4
600020m25.smo,4.298534,1.9216235000000002,4.1394055,1.7011235,4.2841255,1.7323765000000004,5.1875735,1.9920950000000002,3.0808345,1.5137299999999998,4.1315735,2.4723985438613387,0.4298832665685589,0.7862491740425488,0.6208246093328267,0.6692446440543725,0.9518804492157932,0.5158976307024116,,,-2.5,0.15,6000,2.0,0.4
600020p00.smo,4.933864,2.254411,3.4981120000000003,1.500275,3.753908,1.647821,14.16785,2.2638700000000003,16.854515,1.967119,3.62601,2.2284835928644395,0.0,0.0,0.0,0.0,0.0,0.0,,,0.0,0.15,6000,2.0,0.4
600025m05.smo,5.451422,2.323641,3.515906,1.498996,3.922371,1.7556889999999998,10.699974,1.859647,14.942854,3.081451,3.672392500000001,2.3628234146937435,0.4319874870820827,0.8114026509305491,0.3986256293820095,0.7334576606060964,0.5024750520858406,1.2206776722557906,,,-0.5,0.15,6000,2.5,0.4
600025m10.smo,4.778499,2.107213,3.541467,1.442449,3.951134,1.71648,8.999187,1.856478,11.051716,2.765792,3.7604875,2.3210458797742453,0.4750736681340219,0.7169903571821306,0.4917002704298111,0.7395914398055525,0.522924365173068,1.0823740014308274,,,-1.0,0.15,6000,2.5,0.4
600025m15.smo,4.4612085,2.1098385,3.8108644999999997,1.5825945,3.943693,1.7324455,6.7744110000000015,1.9634265,6.828172500000001,1.9968375,3.842421,2.391704501227795,0.4292829057905806,0.7954031372455445,0.4965143903397569,0.6702909092222925,0.4037524074742998,0.6243552045546966,,,-1.5,0.15,6000,2.5,0.4
600025m20.smo,4.189964,1.9954669999999999,3.747976,1.546536,3.976496,1.79512,5.5008075000000005,1.8762075,4.3172955,1.6558970000000002,3.9155985,2.4400588828706065,0.4666114341313518,0.7265892436372737,0.5290571058582267,0.7293724360976055,0.4897158350126802,0.5057878915750142,,,-2.0,0.15,6000,2.5,0.4
600025m25.smo,4.1330915,1.906634,4.004346,1.7336099999999999,3.919021,1.7385509999999997,4.9350705,1.9815965,2.896823,1.422001,3.9555327500000006,2.4886378086612253,0.43560742468389796,0.7865519704588537,0.5637946125389227,0.6269597674972254,0.5922631356215292,0.6458758778418628,,,-2.5,0.15,6000,2.5,0.4
600025p00.smo,5.855504,2.2728505,3.3770684999999996,1.5489899999999999,4.009091000000001,1.7831509999999997,12.8929755,1.880411,16.313143,2.894207,3.653394,2.4379048450839806,0.3159027812115461,0.43987898703699135,0.4936706735539494,0.2581969941278364,2.8751519587479217,1.5892534610481144,,,0.0,0.15,6000,2.5,0.4
600025p02.smo,5.983145499999999,2.751116,3.614785,1.5512899999999998,3.575821,1.8031990000000002,14.782685,2.980945,16.981693,2.8600470000000002,3.573472,2.613725957315211,0.1725577613623592,2.3217594695294483,0.3427673299050278,0.33145440353874045,14.123473143182125,0.8035167176304828,,,0.2,0.15,6000,2.5,0.4
600030m05.smo,4.7633545,2.335799,3.259372,1.4137709999999999,3.6171849999999997,1.7521275,9.966864,1.707475,13.368885999999998,3.030309,3.4975449999999997,2.3857262376720216,0.4587246726188475,1.073541351303367,0.43181536019938777,0.8435963477444945,2.294964945705724,1.6666708651288848,,,-0.5,0.15,6000,3.0,0.4
600030m10.smo,4.537718,2.214833,3.304188,1.394886,3.738418,1.7002259999999998,8.341762,1.7780669999999998,10.443259,2.610681,3.5482985,2.2702430353142806,0.4509097028768839,0.8368731460292818,0.5057336613413074,0.6821319302867531,0.5174680562442249,0.9812922768934964,,,-1.0,0.15,6000,3.0,0.4
600030m15.smo,4.043456,1.994973,3.410893,1.578402,3.621775,1.7060919999999995,6.391362,1.972822,6.4982760000000015,1.860371,3.6049625,2.3429225391457136,0.5354879328632134,0.6821617236360268,0.683424261487889,0.6886619328259371,0.4622160716930467,0.5512753878447529,,,-1.5,0.15,6000,3.0,0.4
600030m20.smo,3.758031,1.922471,3.5372160000000004,1.511198,3.67763,1.738902,5.214501,1.77822,4.374576,1.633385,3.6570515,2.3860432484875456,0.4060305157459969,0.7489649236772016,0.5350808790301678,0.6389558567657517,0.5350729372079605,0.5396292451176804,,,-2.0,0.15,6000,3.0,0.4
600030m25.smo,3.745419,1.8237455000000002,3.6410185,1.586143,3.7976089999999996,1.6434654999999998,4.5371605000000015,1.855635,2.9508065,1.4547475,3.67038825,2.3966960098815946,0.3880262270674497,0.7626191759033351,0.4700182389145797,0.6054232917537565,0.6398395271787761,0.6509624044711219,,,-2.5,0.15,6000,3.0,0.4
600030p00.smo,6.028490000000001,2.542982,3.402795,1.5733294999999998,3.6599394999999997,1.772764,11.4172135,1.783407,15.221139,3.0226295,3.62280125,2.4503209788634783,0.4635217801034725,1.2172030263211977,0.4095840736863852,0.8086502061919302,0.4901618836791714,1.2773911488410523,,,0.0,0.15,6000,3.0,0.4
600030p02.smo,6.2976235,3.0043919999999997,3.595069,1.6061565,3.83361,1.8117655,13.459978500000002,2.7620419999999997,16.883657499999998,3.5671145,3.669233,2.329962443491854,0.4672567558608841,1.3438324848793033,0.3899200217799576,0.984808501892588,273.49740132948557,1.0111440890902177,,,0.2,0.15,6000,3.0,0.4
625020m05.smo,6.4785205,2.4159745,4.588967,1.7580435,5.275729,2.0926935,11.080483500000001,1.9127895,14.0505405,2.946174,4.971585750000001,2.851069166270435,0.4284567751195251,1.1375973126231618,0.4938104698542944,0.7137722076111663,3.002735005465752,1.470445126590756,,,-0.5,0.15,6250,2.0,0.4
625020m10.smo,6.1973400000000005,2.3983725,4.729208,1.6712080000000002,5.489822,2.1844735,9.330299,2.0356745,10.268562,2.451552,5.1266115,2.8052960527129285,0.4514300572268066,0.857252646127277,0.4834450660132122,0.7187270629885854,0.5137057515399707,1.129512392002066,,,-1.0,0.15,6250,2.0,0.4
625020m15.smo,5.7244699999999975,2.152342,4.860946,1.714411,5.3920080000000015,2.095501,7.283017999999997,2.078907,6.1980559999999985,1.7902810000000002,5.1097395,2.7949714484513075,0.5234714381911371,0.8670442917012683,0.6350994444916614,0.7397728212797159,0.491803185043359,0.5114467821137001,,,-1.5,0.15,6250,2.0,0.4
625020m20.smo,5.466421,2.116037,5.03138,1.880528,5.17018,1.967039,6.397568,2.178718,4.132939,1.6070950000000002,5.206298,2.8485237526594367,0.4523035749975468,0.7825815065084155,0.6164546411736904,0.6412871205671378,0.624667853487678,0.5665266143429951,,,-2.0,0.15,6250,2.0,0.4
625020m25.smo,5.541189,2.213747,5.2626230000000005,1.925172,5.374244,2.1006,5.926538,2.167233,2.766642,1.444992,5.420351,2.817904166565109,0.5084336093454288,0.8701191272155405,0.6173513628462056,0.8062342757728321,0.6738019228199426,0.8461140352524303,,,-2.5,0.15,6250,2.0,0.4
625020p00.smo,6.920114,2.513366,4.310777,1.835134,5.442182,2.206625,14.366207,2.875613,15.649983,2.93578,5.0002805000000015,2.9739230594727903,0.3606527317702604,1.0991126059156504,0.5370176184728092,0.6144816454726834,8.064522171032829,1.15414025680151,,,0.0,0.15,6250,2.0,0.4
625020p02.smo,7.109549,2.442291,4.542541,1.974066,5.408881,2.3789990000000003,25.9288,11.355324,17.098389,2.388077,5.1183355000000015,2.9436233662997724,0.6424911595739979,1.0445709119891478,0.49146794064190996,0.8503366935360137,5.761136555879356,0.4778047957842187,,,0.2,0.15,6250,2.0,0.4
625025m05.smo,6.2630690000000016,2.493626,4.387767,1.7986369999999998,5.284758999999998,2.026179,10.122535,1.900571,12.217957,2.858838,4.93106,2.8621617164968165,0.4181046843961604,1.0108233619234626,0.5608703619080457,0.6831059250997957,2.7533965918756653,1.305855264513262,,,-0.5,0.15,6250,2.5,0.4
625025m10.smo,5.663458,2.3976490000000004,4.574522,1.765016,5.227696,2.056228,8.621439,2.079439,9.236378,2.388232,4.8936415,2.7697683714859624,0.4713717068396145,0.9226300249930336,0.585175292515639,0.6631304271765214,0.4790264869444916,0.9798568090499604,,,-1.0,0.15,6250,2.5,0.4
625025m15.smo,5.416515,2.153637,4.909632,1.666671,5.344578,2.07832,6.959247,2.120714,5.60392,1.709336,5.1041375,2.7539471588630744,0.5806736296193175,0.8896090955390888,0.6453338669056783,0.8754258570005655,0.5765407377907181,0.5262336678072206,,,-1.5,0.15,6250,2.5,0.4
625025m20.smo,5.107164,2.0647005000000003,4.961113,1.75751,5.186219,2.0566299999999997,6.157591,2.3772515,3.726357,1.5559025000000002,5.12166375,2.7134656391432133,0.4595081198721645,0.6980898609767593,0.6162494409263062,0.709673173189021,0.5649053081265308,0.5376884528510006,,,-2.0,0.15,6250,2.5,0.4
625025m25.smo,5.099732,2.050848,4.9299019999999985,1.7718740000000002,5.314504,2.12991,5.665869,2.1663,2.556893,1.387542,5.1784055,2.729686879076976,0.4747606870465771,0.8323716420588865,0.6150167004701216,0.7275533969142332,0.7625718463546264,0.6153744121910344,,,-2.5,0.15,6250,2.5,0.4
625025p00.smo,7.1237045000000006,2.717797,4.3329515,1.8225055,5.3797630000000005,2.2388760000000003,11.863495,1.982172,15.087139999999998,2.8729945000000003,4.9294987500000005,2.9542597627795004,0.481293687562188,1.2240364052672474,0.5938556871627669,0.7136004753117771,36.97266732202753,1.2036799681006205,,,0.0,0.15,6250,2.5,0.4
625025p02.smo,7.953741,2.669475,4.117935,1.75118,5.13465,2.345255,18.162803,6.849829,16.492389000000006,3.71308,4.7065085,3.005412242531796,0.4373173038873821,1.7677582813859238,0.43465045562549337,0.789082799106473,17.53767140984705,0.9643084733638438,,,0.2,0.15,6250,2.5,0.4
625030m05.smo,5.982903,2.582353,4.338922,1.624829,4.776196,1.976325,9.491935,1.955196,10.897033,2.662898,4.5898379999999985,2.691508232981835,0.4012602379484003,1.1548621103087724,0.4579420472840498,0.7382460784386258,2.387403285874206,1.457955000992206,,,-0.5,0.15,6250,3.0,0.4
625030m10.smo,5.5210715,2.1105305000000003,4.4587020000000015,1.6591565,4.722643,2.0319055,8.101797999999999,2.042313,8.597152999999999,2.182857,4.6311745,2.754786788146768,0.513265141113549,1.0527237766816295,0.6727402953108337,0.7601707860605718,0.5125371660387226,0.9145805153751452,,,-1.0,0.15,6250,3.0,0.4
625030m15.smo,5.173913,2.210195,4.5620910000000015,1.753527,4.784379,1.989069,6.6335929999999985,2.110593,5.445921,1.816663,4.6809765,2.6939383235666328,0.4722653084457798,0.768397260087734,0.5385710363754674,0.8020306969901793,0.5157926178086621,0.4319752893238789,,,-1.5,0.15,6250,3.0,0.4
625030m20.smo,5.043889999999998,2.1188404999999997,4.690869500000002,1.6673380000000002,4.740029,1.9118259999999998,5.748047,2.1168815,3.490128,1.4384885,4.73440025,2.5714066535417754,0.4616241695063654,0.8494028104318218,0.5653070418140769,0.7407718653398258,0.8969358688439218,0.5736557357316097,,,-2.0,0.15,6250,3.0,0.4
625030m25.smo,4.8450370000000005,2.187983,4.561198,1.797809,4.833275,1.941721,5.3780199999999985,2.111289,2.424876,1.462139,4.827323499999999,2.75396108562957,0.5086645551847674,0.796828665742233,0.7208345858865577,0.7106814616822381,0.6441574434678005,0.8250545517781304,,,-2.5,0.15,6250,3.0,0.4
625030p00.smo,7.0273555,2.6001990000000004,4.248577500000001,1.6413295,4.8964355,2.1223840000000003,10.799718499999999,1.7576865000000002,14.3269765,3.0264935,4.6281525000000014,2.8529591882250336,0.4560803937126998,1.2047370387878182,0.442778374415756,0.8471553539447961,3.7361171909758726,1.5761525402850087,,,0.0,0.15,6250,3.0,0.4
625030p02.smo,7.280769500000001,2.89547,4.279852999999999,1.8146669999999998,5.2443715,2.4748035,12.023725,1.8579805,15.880254,2.9877295,4.79210575,3.037018991153449,0.48292541892703006,1.518753874224806,0.3893062220028856,0.9110345852514352,1.2599631254173775,1.1115994629401105,,,0.2,0.15,6250,3.0,0.4
650020m05.smo,7.426799000000001,2.443467,5.759084,1.834536,6.773983,2.400294,10.511776,1.978387,11.47999,2.674885,6.2211060000000025,3.04561189115176,0.4341923320422969,0.968152702151895,0.4479418512267188,0.7077310097640098,0.5908082318748386,1.2488006644472625,,,-0.5,0.15,6500,2.0,0.4
650020m10.smo,7.06795,2.5433535000000003,5.890843,1.941845,6.501241500000001,2.292191,9.2484735,2.1258600000000003,8.5985455,2.208721,6.258068,3.0999131337209866,0.5408492358963822,1.0094815137036477,0.5366164266936242,0.9140103052688696,0.5615520152603537,0.6264106565207406,,,-1.0,0.15,6500,2.0,0.4
650020m15.smo,6.6244380000000005,2.398667,6.0615809999999986,1.832602,6.508322,2.205542,7.820175,2.231067,5.356733,1.634701,6.2186400000000015,2.9053343703031844,0.4761979843398298,1.0047990353928653,0.5822223948792179,0.6604996973869754,0.5778080954191427,0.3802637394566908,,,-1.5,0.15,6500,2.0,0.4
650020m20.smo,6.7957100000000015,2.3111230000000003,6.222168999999999,1.9528555,6.553464999999999,2.2179385,7.136180499999999,2.294788,3.4906415,1.431972,6.3743875,3.044882495027412,0.5061314843359119,0.7315063667665169,0.5912690398761479,0.7734788088921764,0.71891157398287,0.4500641297042274,,,-2.0,0.15,6500,2.0,0.4
650020m25.smo,6.51121,2.2137830000000003,6.661758,2.071307,6.828916,2.194542,7.051414,2.272009,2.298212,1.343568,6.8104105000000015,3.08816261334341,0.6071458085102851,0.8659926904262314,0.7427907251072121,0.8992900784648905,0.8307135828224045,0.8547227250012959,,,-2.5,0.15,6500,2.0,0.4
650020p00.smo,8.125828,2.6093154999999997,5.457026,2.07017,6.578460499999999,2.254734,12.319560499999998,2.0126675,15.782395000000001,3.0173105,6.037602250000001,3.0721852267404013,0.4792475057215146,1.5130869105546148,0.5550520916465299,0.7840551189374039,1.1368160899656994,1.3944695993104703,,,0.0,0.15,6500,2.0,0.4
650020p02.smo,8.788339,2.900514,5.492689,1.788202,6.7441105,2.8649630000000004,14.402817499999998,1.9978240000000003,16.430463999999994,2.3686105,6.005049,3.399974258933593,0.3392198841322301,1.0647060270953832,0.5193910168347249,0.4897946325664842,2.682142536432019,0.7594075125915606,,,0.2,0.15,6500,2.0,0.4
650025m05.smo,7.2951725000000005,2.5324155,5.6868865,1.9142259999999998,6.510052,2.3872585,9.9117765,2.0909,10.026763,2.433618,6.0640635000000005,3.170870789409033,0.458364967968692,1.167978035610957,0.5195262158640943,0.7324574281381093,1.0411350654720677,0.9348504971929684,,,-0.5,0.15,6500,2.5,0.4
650025m10.smo,6.934206000000001,2.4002215000000002,5.761794999999999,1.9341794999999997,6.404584999999999,2.3025130000000003,8.830491,2.2254255,7.649045500000001,1.974609,6.20417,3.0026784027840416,0.4801962045943372,1.046008732985977,0.6196120168920105,0.6984944719919197,0.5486795924852103,0.6007743175637373,,,-1.0,0.15,6500,2.5,0.4
650025m15.smo,6.7601925000000005,2.4447095,6.090389,2.0216369999999997,6.6345529999999995,2.2716724999999998,7.4881825,2.3221445000000003,4.7985190000000015,1.638155,6.305011,3.103538879343532,0.5134588121227247,0.9074940605111868,0.6025185498037865,0.8623928985334502,0.6101259553591414,0.401476858662156,,,-1.5,0.15,6500,2.5,0.4
650025m20.smo,6.403594499999999,2.3917765,6.1609099999999986,2.046216,6.4727165,2.4234744999999998,7.1569095,2.3284005000000003,3.2345235,1.4451895,6.29951675,3.1640259659148104,0.5547223156348384,0.9931462677524696,0.6834142902326166,0.8527384275964547,0.6646393202091033,0.4270176752186807,,,-2.0,0.15,6500,2.5,0.4
650025m25.smo,6.2471265,2.3045709999999997,6.1150135,2.0265205,6.5407455,2.2272695,6.6434995,2.213601,2.148029,1.3838255,6.45174375,3.045150899031983,0.8507256800787012,0.912791343176936,1.5256181336427466,0.8819588076555493,0.7649014313404433,0.8297442950221843,,,-2.5,0.15,6500,2.5,0.4
650025p00.smo,8.061803000000001,2.703856,5.4694020000000005,1.9574105,6.769582000000001,2.618761,11.286551,2.0213315,13.2229525,3.1251955,6.0345147500000005,3.3590997395193427,0.5091294276218373,1.5207966723375008,0.5488904144789928,0.8255026542229277,6.3606498645925065,1.4607976443349655,,,0.0,0.15,6500,2.5,0.4
650025p02.smo,8.502472999999998,2.857407,5.4474905,2.067536,6.623163000000001,2.5800695,12.928767,2.1601515000000004,15.794003,3.0444685,5.9989195,3.4019645813315176,0.38735702389481735,1.0899796524218497,0.5263279012197679,0.6878414967731773,3.8384841003329866,1.1124947926899729,,,0.2,0.15,6500,2.5,0.4
650030m05.smo,7.3479785,2.5451479999999997,5.4345965,1.973253,6.2647565,2.3626305,9.406039999999999,2.0708105,9.03976,2.3242835,5.8380635000000005,3.0934263258925694,0.5376725671267968,1.1008499513245895,0.6522777720305747,0.8656987763750992,0.6847375511546451,0.7332653213358836,,,-0.5,0.15,6500,3.0,0.4
650030m10.smo,6.781936999999999,2.3371415000000004,5.7900075,1.978386,6.28097,2.354087,8.2466015,2.247269,7.013016,1.8382715,6.02853575,3.0962861962345802,0.4849709861560548,0.9694029102149622,0.5916875724674588,0.7416687879072427,0.5953863208029443,0.580760526823494,,,-1.0,0.15,6500,3.0,0.4
650030m15.smo,6.296243,2.425161,5.7340480000000005,1.864543,6.027121,2.255967,7.14773,2.27517,4.65486,1.583269,5.9384760000000005,3.0105554424253675,0.47580340243027,0.8856093811782355,0.5712423905522059,0.7793490803389118,0.6674185976984145,0.4448459162437287,,,-1.5,0.15,6500,3.0,0.4
650030m20.smo,6.317573,2.36774,5.977488,1.936878,6.313846,2.226344,6.69992,2.4095,2.987833,1.480505,6.2108455000000005,3.0073904434791965,0.5499005967261856,1.0304158277746345,0.5831309244710073,0.8572718314645915,0.7039910144266844,0.6534261855641613,,,-2.0,0.15,6500,3.0,0.4
650030m25.smo,6.1123344999999984,2.4077405,5.8863135,2.0281130000000003,6.3357075,2.228666,6.4246669999999995,2.2923560000000003,2.202958,1.4997525,6.096449,3.1151122444725186,0.5355764180465762,0.7345611460135946,0.6641463092257136,0.8167431687910293,0.9380134357548496,1.0269314823942866,,,-2.5,0.15,6500,3.0,0.4
650030p00.smo,8.239896,2.833917,5.30561,2.010733,6.499936,2.592519,10.592436,2.002184,11.434487,2.736289,5.9563175,3.380690229421353,0.4338191143546484,1.320140592149325,0.5488677366570311,0.7907636843804163,100.45078879793532,1.2653524656948905,,,0.0,0.15,6500,3.0,0.4
650030p02.smo,8.6555395,2.913105,5.463676,2.0699935000000003,6.410925499999999,2.578055,11.588994500000002,2.0240685000000003,13.7710555,2.8922515,5.97150825,3.3923308808241552,0.5565043133035936,1.6397694272506798,0.5276809697988564,0.9727277571435922,0.7437249346868857,1.2319979347314405,,,0.2,0.15,6500,3.0,0.4
675020m05.smo,8.624527,2.6523755,6.835677499999999,2.052824,8.035547000000001,2.663473,10.600291,2.1610715,9.896949500000002,2.427295,7.41218675,3.3581977689487683,0.4901456316330205,1.0503866954985697,0.6162162710108096,0.7648637570246405,2.720079338604561,0.8266367548956657,,,-0.5,0.15,6750,2.0,0.4
675020m10.smo,8.321182,2.62248,7.2664399999999985,2.024401,7.755522999999997,2.448457,9.709916,2.361575,7.360016000000001,1.927662,7.491038499999998,3.227881992782419,0.5780704959414441,1.2620521107280245,0.5972459320107621,0.9567708407547736,0.6174740213057839,0.517362103966844,,,-1.0,0.15,6750,2.0,0.4
675020m15.smo,8.125583,2.4392065,7.282488500000001,2.0498955000000003,7.6278320000000015,2.466982,8.5540675,2.382059,4.563763,1.5058595,7.573620499999999,3.2405483479964174,0.6249740120988995,0.8930095441430967,0.5811662007208769,1.0528771366278722,0.7242813025221769,0.35369028732792995,,,-1.5,0.15,6750,2.0,0.4
675020m20.smo,7.608983,2.4046185,7.693065999999999,2.1223765,7.7553385000000015,2.436482,8.545741,2.4493955,3.0562735,1.379501,7.7342485,3.3167654103483923,0.5334218915585575,1.0121825837446297,0.6641329777643525,0.8238336388309474,0.8775524456000924,0.5365877765093396,,,-2.0,0.15,6750,2.0,0.4
675020m25.smo,7.7762864999999985,2.3767225,7.5143119999999985,2.2254810000000003,7.706200500000001,2.341421,8.261575,2.390526,1.987309,1.3251925,7.721269999999999,3.321327822663568,0.5659055355662583,1.002210702862587,0.6620340832537078,0.8197397182688855,0.6854977492757807,0.8075780916702869,,,-2.5,0.15,6750,2.0,0.4
675020p00.smo,9.112330499999999,2.702405,6.6934405,2.13995,7.892017999999999,2.5981645,11.9331835,2.0453055,12.705461999999999,2.92735,7.31379775,3.477144307462392,0.4156530228041585,1.2589120164769076,0.5829057460022241,0.7752897728931509,1.2930723875010235,1.3847986016338931,,,0.0,0.15,6750,2.0,0.4
675020p02.smo,9.494806,2.725332,6.491625,2.203112,7.858971,2.6411990000000003,13.646482,2.224178,15.661338,2.8100560000000003,7.282328999999999,3.517115435101043,0.37150435046893693,1.8548362662746012,0.4931445062273321,0.615496644088534,2.4686134926279686,1.1172676453675323,,,0.2,0.15,6750,2.0,0.4
675025m05.smo,8.571685500000001,2.6158345,6.9066575,2.2344925,7.928882999999999,2.5993699999999995,9.997664,2.3872835,8.535944,2.1231294999999997,7.47065375,3.4656957865824607,0.5202167524706296,1.1360428746906372,0.6888335356933573,0.8069568462491415,0.5974992283151397,0.6124707001194997,,,-0.5,0.15,6750,2.5,0.4
675025m10.smo,8.435064500000001,2.604735,7.166289,2.1048445000000005,7.821970500000001,2.5650405000000003,9.2335185,2.214041,6.367618,1.7414185000000002,7.518130249999999,3.3834348878480665,0.4712089444785982,1.0586465235628155,0.5802276008649625,0.7655402663316995,0.6960545745329693,0.4066001360480912,,,-1.0,0.15,6750,2.5,0.4
675025m15.smo,7.861182,2.564809,7.469674,2.176467,7.946657000000001,2.468446,8.378964,2.381276,4.104191,1.443035,7.763421000000001,3.2893758905841093,0.5633257724092225,1.0387030726310729,0.778039562840214,0.8802757519305674,0.8293933864381241,0.3681210920002359,,,-1.5,0.15,6750,2.5,0.4
675025m20.smo,7.829482500000001,2.5536815,7.543329000000001,2.254184,8.013119999999999,2.562243,8.024399500000001,2.411945,2.7803255,1.31435,7.793615749999999,3.4996675986800088,0.5511362920917429,1.090301912343106,0.6403455960098758,0.8621343542613734,0.8458585045722502,0.4512634300395109,,,-2.0,0.15,6750,2.5,0.4
675025m25.smo,7.650409,2.4254580000000003,7.830363,2.177054,7.997381,2.459839,7.963153,2.371611,1.984479,1.3582530000000002,7.903371000000001,3.3592747193979235,0.6125823293484601,0.9599221872292892,0.7840593024007918,1.0667652502199496,0.9936142491888484,0.9142589630639352,,,-2.5,0.15,6750,2.5,0.4
675025p00.smo,9.4504365,2.7760685,6.804627499999999,2.337497,8.018359499999999,2.6716900000000003,11.1956835,2.05507,11.043222,2.6791025,7.395491249999999,3.5758764734727078,0.4829996212146113,1.1448850879243777,0.5800270575207748,0.7494177082311468,1.7913326277141606,1.3593682778990013,,,0.0,0.15,6750,2.5,0.4
675025p02.smo,9.92834,2.910375,6.685547,2.221593,7.903778999999999,2.708709,12.479186,2.326627,13.917069,3.056812,7.3154879999999975,3.5426524288137555,0.5513576481385695,1.5688065744293886,0.6272348609304018,0.8510773073815151,3.7547079553019573,1.4710306939504694,,,0.2,0.15,6750,2.5,0.4
675030m05.smo,8.743859,2.837643,6.854102,2.165011,7.715483,2.61441,9.571966,2.322229,7.497673,1.854353,7.272557000000001,3.435059901952948,0.5305724580612691,1.4453071000190851,0.7155082639746583,0.9311888499222112,0.7006925702836925,0.6798272130287457,,,-0.5,0.15,6750,3.0,0.4
675030m10.smo,8.080017,2.6277,7.127621,2.1935830000000003,7.801146000000001,2.531412,8.841757000000003,2.385543,5.879982,1.676436,7.422705500000001,3.4083946183644875,0.6176332822178123,0.8531597192635063,0.659020511698508,1.1131872605592257,0.8472255382601641,0.4904733374628353,,,-1.0,0.15,6750,3.0,0.4
675030m15.smo,7.731631499999999,2.5908610000000003,7.045638,2.157179,7.775978999999999,2.475717,8.025184,2.398359,3.86234,1.4253490000000002,7.400250500000001,3.3319629153957413,0.6473926072279137,1.0983333620371194,0.6833219257539493,1.0076680700612366,0.686935035533168,0.5185348757349684,,,-1.5,0.15,6750,3.0,0.4
675030m20.smo,7.72532,2.5562145000000003,7.482239500000002,2.4164905,7.6997605,2.531543,7.950979499999999,2.3779369999999997,2.665395,1.467557,7.546609749999999,3.5161150441369133,0.7237843142100279,1.1513767884277306,0.8583993424389593,1.2468132240739704,0.794308727242895,0.5625301295448555,,,-2.0,0.15,6750,3.0,0.4
675030m25.smo,7.57362,2.480123,7.357305,2.302543,7.763375999999999,2.417255,7.920274000000001,2.477357,1.916876,1.385247,7.5869870000000015,3.3824576129273223,0.6804537318491325,1.0830894223322791,0.8940531172237854,1.0006788412825491,1.066133639879375,0.913420092454858,,,-2.5,0.15,6750,3.0,0.4
675030p00.smo,9.231972,2.755841,6.723559,2.1902470000000003,8.017194,2.712223,10.628022,2.286961,9.972301,2.560273,7.3458260000000015,3.662948474538647,0.5030376022711486,1.4807757811102231,0.7980346942354775,0.8424436476330875,18.18895849338574,1.0376234818079606,,,0.0,0.15,6750,3.0,0.4
675030p02.smo,9.823578,3.063149,6.601363,2.148989,7.9165100000000015,2.6313150000000003,11.56335,2.10695,11.765161,2.679216,7.256092999999999,3.469805576020795,0.5295473425511339,1.7085563076706602,0.571854444342781,0.8438360570197553,0.6921874517466428,1.0174734538186407,,,0.2,0.15,6750,3.0,0.4
700020m05.smo,10.050603,2.76309,8.394419000000001,2.214773,9.207541,2.699664,11.055417,2.38377,8.262606,2.029535,8.8297295,3.5725301301405423,0.5925668963873687,1.2585298554328077,0.5475321751078794,0.9633808791154876,0.707600560714722,0.5724615630238373,,,-0.5,0.15,7000,2.0,0.4
700020m10.smo,9.312568,2.765396,8.55943,2.131677,9.335031,2.603235,10.370248,2.626921,6.2954300000000005,1.707886,8.970559,3.437515462891767,0.5866619807027378,1.4662453914023226,0.6943465426089634,0.9209774599398808,0.8713304278169329,0.4763017569788658,,,-1.0,0.15,7000,2.0,0.4
700020m15.smo,9.047522,2.483571,8.822194999999997,2.224405,9.144353,2.474227,9.662202,2.426612,3.993021,1.453331,8.882622999999997,3.385413255826975,0.6317771307472363,0.9642363074859231,0.7427786376194084,0.907589301429894,0.7593408211742533,0.4898166190370282,,,-1.5,0.15,7000,2.0,0.4
700020m20.smo,8.925147,2.636205,8.851374,2.217808,9.233496,2.530783,9.509317,2.483536,2.649428,1.293408,9.063925999999999,3.486993706415456,0.771544925060602,2.468207465972444,0.8092132694997765,1.4244481717673272,1.3568591929052518,0.6376493305735662,,,-2.0,0.15,7000,2.0,0.4
700020m25.smo,8.924956,2.590266,9.009611,2.302197,9.245238,2.55715,9.564169,2.434936,1.971306,1.348614,9.1699305,3.4556590444805173,0.5244484936535322,1.138828422494191,0.7644289115579487,0.7979533818194117,0.7950134804180471,1.181499119200559,,,-2.5,0.15,7000,2.0,0.4
700020p00.smo,10.57375,2.791868,8.242894999999999,2.328075,9.457233,2.757325,12.396352,2.468726,10.686672,2.4081200000000003,8.835460999999997,3.7916223615445928,0.5415298606800235,1.140486716051655,0.6761066427209398,0.7725700353315298,1.8855729667092984,0.9963276374740608,,,0.0,0.15,7000,2.0,0.4
700020p02.smo,10.707427,2.8681535,8.216463999999998,2.353789,9.65938,2.889464,13.4514545,2.4067355,12.9217545,2.6165655,8.993419000000003,3.7748848068518313,0.5497494764994204,1.6054477201084831,0.8760781964753842,0.8231004694438315,13.937968350205336,1.3124887804584662,,,0.2,0.15,7000,2.0,0.4
700025m05.smo,10.1237175,2.7725125000000004,8.310189000000001,2.3375510000000004,9.475383,2.7651255,10.702051999999998,2.605944,7.296579999999999,1.9294924999999998,8.92638775,3.5812761426611264,0.6207846413978484,1.8909224353282208,0.8632701767341638,0.752508353388288,0.8056883790109053,0.7682303047957647,,,-0.5,0.15,7000,2.5,0.4
700025m10.smo,9.703028,2.7470665000000003,8.583011500000001,2.2346169999999996,9.3395105,2.5752065,9.9295415,2.4455125,5.4965995,1.539969,8.942591,3.5032890555564338,0.5910901842145868,1.012806878929803,0.7614481877101924,0.8835619226475726,0.7542088354339382,0.4408001175061346,,,-1.0,0.15,7000,2.5,0.4
700025m15.smo,9.2695765,2.707297,8.882492500000003,2.3483465,9.259602000000001,2.5153385,9.409695,2.540692,3.5728230000000005,1.3728604999999998,9.131985750000002,3.5981316392211578,0.6389094771667913,1.3592831709731013,0.7648101772519154,1.1029799449823037,1.1917274832339757,0.4082302517955982,,,-1.5,0.15,7000,2.5,0.4
700025m20.smo,9.040552,2.4958035,9.033080499999999,2.323245,9.2822045,2.571211,9.414121000000002,2.5210115,2.441366,1.296935,9.14647575,3.575666977589917,0.6421416381099643,1.130506392003445,0.7622763722209228,0.9631503213258212,0.8907677907677536,0.6966582273294789,,,-2.0,0.15,7000,2.5,0.4
700025m25.smo,8.946532000000003,2.6350130000000003,8.844622,2.360585,9.29571,2.576994,9.709493,2.446725,1.735684,1.48262,9.0476085,3.5700972468795578,0.8084715297379687,1.388102198559005,0.7549880177579351,1.4978495241178034,1.4214959125475517,1.3179012630438764,,,-2.5,0.15,7000,2.5,0.4
700025p00.smo,10.7921485,2.9840655,8.0669505,2.3481805000000002,9.2677525,2.6867525000000003,11.360374,2.4120525,9.368778500000001,2.2749194999999998,8.766052250000001,3.708404312274445,0.4798550031512958,1.3229660860027337,0.7348814535236455,0.6232972428590003,1.233247666464043,0.6535880795129361,,,0.0,0.15,7000,2.5,0.4
700025p02.smo,10.994889,2.954378,8.140861,2.436323,9.438828,2.855861,12.328328,2.474999,11.324197,2.628521,8.674798,3.8486845345029255,0.5947187489326794,1.189816909444735,0.6945471336077058,0.8860190268375435,9684.04238246024,1.1505950612353175,,,0.2,0.15,7000,2.5,0.4
700030m05.smo,10.238205,2.880036,8.479652,2.284191,9.227607,2.706313,10.13782,2.572092,6.550047,1.768965,8.9450225,3.5525538283857148,0.6471638474950034,1.660736777299752,0.7335815125238101,1.0199943940756149,0.7592198990966587,0.467053010002825,,,-0.5,0.15,7000,3.0,0.4
700030m10.smo,9.6424005,2.8673599999999997,8.473714999999999,2.266425,9.4529915,2.705947,9.7669055,2.5610415,5.088432,1.5154435,8.973788749999997,3.573610745158552,0.5833866667868634,1.3082621746454597,0.7538853885200304,0.9891273817513706,0.9622442036211192,0.4371195627310473,,,-1.0,0.15,7000,3.0,0.4
700030m15.smo,9.335023,2.839556,8.670912,2.319833,8.993637,2.683259,9.464931,2.453316,3.274986,1.383115,8.8832565,3.532914099414392,0.66534111247864,1.2760832592506623,0.810691688541677,1.0948601614171871,1.0459927852040278,0.4294662703557942,,,-1.5,0.15,7000,3.0,0.4
700030m20.smo,9.060609,2.618523,8.71923,2.323747,9.261356,2.550122,9.09779,2.382817,2.219502,1.230492,9.009208500000002,3.4353905864323497,0.6284640719489514,1.1443879907731989,0.8332459986138492,0.9420037580515458,0.9216173887895709,0.8992871519093806,,,-2.0,0.15,7000,3.0,0.4
700030m25.smo,8.9874065,2.635031,8.7809165,2.414116,9.018506,2.5901365000000003,9.32905,2.5238115000000003,1.865286,1.438209,8.934737499999997,3.6696834283813233,0.8150873873791757,0.9616855641071834,0.9968326465057056,1.3248846949304445,0.9977060802427018,0.8852746134856312,,,-2.5,0.15,7000,3.0,0.4
700030p00.smo,10.821369,2.982355,8.132974,2.321668,9.460011000000002,2.772605,10.974815,2.527526,8.4188165,2.0110354999999998,8.82906275,3.6722788002312816,0.5434071560220972,1.493049573032142,0.7274632219416989,0.7834377443616606,9.011328670444207,0.6248398638551628,,,0.0,0.15,7000,3.0,0.4
700030p02.smo,11.3230775,3.0159689999999997,8.0993,2.4465105,9.541644,2.966323,11.644338,2.4696815,9.988064999999999,2.4599390000000003,8.805492000000003,3.8629905022901565,0.7137381415290619,1.6355829486621571,0.95976858772424,0.8497126138098227,0.9879308674044912,0.7268690027223641,,,0.2,0.15,7000,3.0,0.4
725020m05.smo,10.9589845,2.8579845,10.0187925,2.2256065,10.8412965,2.7410905000000003,12.0528605,2.7620705,6.852035000000001,1.7493205000000003,10.4040725,3.5860689180147203,0.4729911434530586,1.2027985166077837,0.6834650548219907,0.6487862778539613,1.4089114297665106,0.5038766993522468,,,-0.5,0.15,7250,2.0,0.4
725020m10.smo,10.720284,2.725915,10.198857,2.388326,10.781036,2.746271,11.539791,2.6388580000000004,5.259833,1.504404,10.4274045,3.7382709345720246,0.737087608402274,1.07231122592452,0.8865994187341036,1.0873885532136578,2.2663814971104395,0.3792404002184643,,,-1.0,0.15,7250,2.0,0.4
725020m15.smo,10.501287,2.796006,10.442385,2.455411,10.698151,2.641506,11.261065,2.663241,3.368952,1.3045790000000002,10.6057705,3.705404132300956,0.6960581656705203,1.156039331705164,0.9519540817115282,0.9176723402619468,1.1862693220938478,0.40204171643468095,,,-1.5,0.15,7250,2.0,0.4
725020m20.smo,10.232273,2.791142,10.680802,2.4723610000000003,10.900437,2.723063,11.05008,2.4874650000000003,2.192471,1.246233,10.728314,3.757627298538933,0.7379858212445828,1.3278760269450784,0.8831570617254294,1.1188284556698036,0.9725626161094202,0.6058345192911888,,,-2.0,0.15,7250,2.0,0.4
725020m25.smo,10.242532,2.805253,10.70025,2.46172,10.717917,2.660786,11.140775,2.716051,1.684621,1.2368059999999998,10.7024095,3.7229760669982825,0.7337473636766322,1.4105557574994427,0.9684152132766692,1.2890883009943794,1.2838607584314357,0.9166158783292324,,,-2.5,0.15,7250,2.0,0.4
725020p00.smo,11.389842,2.883394,9.655029,2.413721,10.82791,2.826905,12.568471,2.562944,9.151805,2.105117,10.2817225,3.730863305947969,0.6136605752814094,1.3899865560817692,0.8081901508704676,0.8289405551918755,1.5432085916944709,0.6428239141752192,,,0.0,0.15,7250,2.0,0.4
725020p02.smo,11.689108,2.923823,9.551844,2.579238,10.848338,2.756212,13.358003,2.419394,10.827318,2.375706,10.1592185,3.778294415539901,0.6864929147911469,1.362923041611091,1.2856387643054343,0.7882310327036304,1.7579215908839143,0.9501959939884256,,,0.2,0.15,7250,2.0,0.4
725025m05.smo,11.598984,2.990205,10.1680645,2.579634,10.8487115,2.8928325,11.588606,2.7455685,6.1544314999999985,1.5715675,10.60310925,3.8951958232755666,0.8002056269840544,1.298982359690947,1.056687598264731,1.1502108034083882,1.1426252183130765,0.5118648560876432,,,-0.5,0.15,7250,2.5,0.4
725025m10.smo,11.06774,2.750238,10.215274,2.388471,11.008684,2.822736,11.109485,2.585517,4.64345,1.292021,10.5214855,3.7899763788827223,0.7423345190591351,1.286148663596223,1.0487463926069724,1.0044817430193806,4.495868864042041,0.4857765417801772,,,-1.0,0.15,7250,2.5,0.4
725025m15.smo,10.717642,2.8711615000000004,10.509753,2.526438,10.6830205,2.743199,10.687081,2.620378,3.0554925,1.2712345,10.54357175,3.758889441364007,0.8882734557328976,1.269506766687162,1.1812211498943204,1.2597248382890656,1.119108036727674,0.4058004903072941,,,-1.5,0.15,7250,2.5,0.4
725025m20.smo,10.5815,2.716694,10.338624000000001,2.5001635,10.716431,2.7532695,11.132983,2.6110285,2.1922474999999997,1.3092595,10.55383,3.7827631184166086,0.6974796058166648,1.0377389536408708,0.9454734620920424,1.0033236193839303,0.9847302124869164,0.6558091572695998,,,-2.0,0.15,7250,2.5,0.4
725025m25.smo,10.428427,2.778132,10.577587,2.635577,10.722494,2.640051,11.00445,2.649807,1.560086,1.219479,10.634488000000001,3.7879291220403006,0.9067727549658468,1.0270399815988005,1.532836325325475,1.0878211580950037,1.2535290078232078,1.0143723405729852,,,-2.5,0.15,7250,2.5,0.4
725025p00.smo,11.930172,2.84986,9.926106,2.591803,10.932224,2.8509450000000003,12.369117,2.830142,7.9954800000000015,1.949723,10.5078035,3.9676957373454176,0.7598917867054953,1.2008383639314155,1.0601762238572536,1.096952387353389,1.915952204175724,0.6051989233458132,,,0.0,0.15,7250,2.5,0.4
725025p02.smo,12.409399,3.05293,10.038155,2.736839,11.132238,3.023915,13.214479,2.8166830000000003,9.433449,2.090724,10.598057,4.1211247162154665,1.0197068217586394,1.7741291710326952,1.1184425937489315,1.6206728283458531,16.291051499270374,0.762842400926771,,,0.2,0.15,7250,2.5,0.4
725030m05.smo,11.534786,2.9683555000000004,9.822247999999998,2.5919380000000003,10.841918,2.9656365,11.0983795,2.7288125,5.619377,1.6459380000000001,10.312525,3.9857480352173362,0.6839996077026764,1.4886578747412138,0.9148622594649573,1.1264294389855711,1.0243753674099323,0.4156665526539592,,,-0.5,0.15,7250,3.0,0.4
725030m10.smo,10.97228,2.8674875,10.0715025,2.427701,10.9708625,2.919485,10.9106605,2.6519075,4.408103,1.3884415,10.4244695,3.8312764014529717,0.7959344003802541,1.821241197409,0.9814386075999586,1.1951589609366309,1.4082901257310658,0.4228910100530168,,,-1.0,0.15,7250,3.0,0.4
725030m15.smo,10.901185,2.9978580000000004,10.315174,2.4226330000000003,10.704647,2.908176,10.590102,2.620852,2.828121,1.197323,10.535931,3.9368558815863453,0.7965257836288552,1.6016086363269046,0.9810190399897656,1.3658596451607716,1.4856344843629588,0.7100917340409764,,,-1.5,0.15,7250,3.0,0.4
725030m20.smo,10.676907,2.756997,10.237267,2.568833,11.002841,2.783856,10.787005,2.564565,2.050656,1.35669,10.6068055,3.8348882733520413,0.9569471166546364,1.3599597833970938,1.2598745431020932,1.3197222541653162,1.1675110894132217,1.209095793206861,,,-2.0,0.15,7250,3.0,0.4
725030m25.smo,10.60567,2.937395,10.26438,2.658284,10.799899,2.769763,10.745354,2.575712,1.565887,1.482643,10.516203,3.8730208686627288,0.8779861357490316,1.6169020204088138,1.3114034120938565,1.1340260977843724,1.1319538855572835,1.2402010811233124,,,-2.5,0.15,7250,3.0,0.4
725030p00.smo,12.377543,3.089568,9.62988,2.550547,11.08887,2.981492,11.635692,2.70966,7.080383,1.779008,10.3610675,3.93745075348302,0.7052566893842069,1.3449295290336298,0.8981756168009135,1.0967088128774107,1.6606790397473228,0.5607012991830336,,,0.0,0.15,7250,3.0,0.4
725030p02.smo,12.5577855,3.248923,9.775999,2.5596045,11.0324925,3.0095810000000003,12.418381,2.7997805000000002,8.547617500000001,2.097378,10.37519975,3.9501077135703833,0.5862527234229709,1.3345731016377664,0.8065534670217018,0.750406587148698,2.51570306362482,0.7433394312649324,,,0.2,0.15,7250,3.0,0.4
750020m05.smo,11.491274,2.802477,10.325119500000001,2.2341474999999997,11.156267,2.7658119999999995,11.8206315,2.4458395,5.759951,1.5157745,10.880906499999998,3.644161036351039,0.6078592842498194,1.0005513653886808,0.7433339218429006,0.8749373749673847,2.608488473790266,0.4446236582202598,,,-0.5,0.15,7500,2.0,0.4
750020m10.smo,11.392886,2.875532,10.669204,2.210984,11.267592,2.735695,11.888291,2.475975,4.456305,1.438771,10.984607,3.6111495289298117,0.6295927630761596,1.147561705898473,0.8733098083206479,0.8052460869550966,1.2763090956396677,0.4340824433066477,,,-1.0,0.15,7500,2.0,0.4
750020m15.smo,11.202697,2.621518,11.109675500000002,2.3548325,11.369299,2.720343,11.779679,2.416499,2.834283,1.2299209999999998,11.20164225,3.6292663356395742,0.8596608425443314,1.2193341164398497,0.8587224071227236,1.4777069404088157,0.9246775998281213,0.3647423366321227,,,-1.5,0.15,7500,2.0,0.4
750020m20.smo,10.914769499999998,2.62373,11.153266,2.453728,11.4267155,2.6553904999999998,11.781791499999999,2.4207560000000004,1.8906580000000002,1.1412735,11.21021725,3.67735856828551,0.5746311860327377,1.1143244017745448,0.9578226373240224,0.8579481058386926,0.9691525669763806,1.5039043039592432,,,-2.0,0.15,7500,2.0,0.4
750020m25.smo,10.911469,2.729217,11.184048,2.43495,11.429898,2.530895,11.848514,2.444077,1.945595,1.6289790000000002,11.29015,3.5996090775327256,0.8358231709504974,1.082776846730913,1.1697993289689486,0.9970677724599664,0.9016830645435314,1.1366774683396197,,,-2.5,0.15,7500,2.0,0.4
750020p00.smo,11.73093,2.8443435,9.903265,2.281707,10.901436,2.6827165,12.2530215,2.3555535,7.477404499999999,1.8894505000000001,10.39398275,3.560515958857557,0.5385848242947053,1.4926738404828852,0.7988232841167909,0.6848476043072595,0.7978086556409075,0.5065932122502959,,,0.0,0.15,7500,2.0,0.4
750020p02.smo,11.846268499999999,2.792377,9.700919500000001,2.427765,10.9153435,2.7082619999999995,12.743438000000001,2.4507945,8.885660999999997,2.0818565,10.37099975,3.5953170180813903,0.5520716631322757,1.2380222932875176,0.7637906647304374,0.8052790354342134,1.5755546173140778,0.725927679882292,,,0.2,0.15,7500,2.0,0.4
750025m05.smo,12.657583,3.201731,12.060988,2.6928720000000004,12.6789405,3.0076945,13.320289,2.826348,5.232817000000002,1.4868869999999998,12.32717975,4.078935067806697,0.7184373420988185,1.5725583852754286,0.9313572632306876,1.0341742827138405,1.9247219508008504,0.3866485283233144,,,-0.5,0.15,7500,2.5,0.4
750025m10.smo,12.053581,2.976776,11.95237,2.659462,12.49463,2.987576,12.956437,2.731125,4.059602,1.336592,12.254944,4.192712054894541,0.8609514735573437,1.5650371343443907,1.0565346113171143,1.3298349416970132,2.008759774763368,0.39957234740417497,,,-1.0,0.15,7500,2.5,0.4
750025m15.smo,12.021967,3.09971,12.415211,2.703475,12.833712,3.0889525,12.6190735,2.629492,2.5518460000000003,1.1381325,12.5949575,4.0485859961563015,0.9732687493909304,1.2366460900868688,1.0067329373063194,1.6463120494460792,1.3607362269610443,0.4254587474786708,,,-1.5,0.15,7500,2.5,0.4
750025m20.smo,12.004368,2.929352,12.24473,2.804917,12.500836,2.883309,12.634003,2.681544,1.851918,1.350516,12.3257475,4.019701865306182,0.8049676686789028,1.3900115634354189,1.3176819887748763,0.9720570454610296,1.4809095516839201,1.011608312280516,,,-2.0,0.15,7500,2.5,0.4
750025m25.smo,11.743544,2.967176,12.530445,2.655774,12.648741,2.950531,13.074272,2.715183,1.398577,1.243693,12.5836535,3.960002293388477,0.9013091658034201,1.4899915335714538,1.243371975930485,1.2848710751980312,1.4061687874109543,1.40489018667747,,,-2.5,0.15,7500,2.5,0.4
750025p00.smo,13.260248,3.09471,11.679836,2.767955,12.703694,2.919143,13.575682999999998,2.800825,6.661832,1.543322,12.137997,4.085040592013988,0.7170590487248946,1.658491266240408,1.2188735736997427,0.8223687216521796,4.484341014006412,0.4127173917573921,,,0.0,0.15,7500,2.5,0.4
750025p02.smo,13.354912,3.2185,11.470432,2.849699,12.516396,3.231007,13.738726000000002,2.729302,8.067865,1.773877,12.032362,4.352731928625171,0.8299141997291104,1.6247823719632883,1.1750334586352138,1.2106200964221776,2.7662351871685833,0.5899604496646034,,,0.2,0.15,7500,2.5,0.4
750030m05.smo,12.9889705,3.259867,11.672716,2.7829145000000004,12.605603,3.0481425,12.7984475,2.9176015,4.759628500000001,1.475036,12.12140675,4.153520954397148,0.8832400267471527,1.5567373999142582,1.2981342142752599,1.245489264459936,3.4235980115625098,0.5392288326557918,,,-0.5,0.15,7500,3.0,0.4
750030m10.smo,12.758062,3.184609,11.818256,2.589187,12.436248,2.897322,12.288406,2.714598,3.788466000000001,1.394354,12.025372,4.007298065857468,0.8657059025431335,1.7292283053271134,1.2623066441055972,1.2542833673175655,2.1287879131463523,0.5831770813985911,,,-1.0,0.15,7500,3.0,0.4
750030m15.smo,12.462011500000001,3.1656415000000004,12.08487,2.6595120000000003,12.3206055,2.9974,12.118768500000002,2.621781,2.433606,1.164436,12.183938,4.189007099825351,1.1476576092583723,1.4790991539101177,1.8034919379789172,1.6351880822072742,1.2894089137631122,0.4560631547095477,,,-1.5,0.15,7500,3.0,0.4
750030m20.smo,12.196994,3.108846,11.815634,2.587419,12.642704,2.983116,12.168803,2.681356,1.701352,1.171591,12.1688065,4.0174948016749195,0.814363379451607,1.4658414846530825,1.38582849498224,1.2087656287968067,1.2806867883972413,0.9832092229113136,,,-2.0,0.15,7500,3.0,0.4
750030m25.smo,11.891403,2.9762305000000002,12.130954,2.4895645,12.4079625,2.927376,12.4501825,2.6979740000000003,1.372118,1.3531425,12.16534225,3.9759585793035965,0.7254339533164309,1.6382701008245009,0.8571542393542259,1.1503969731644568,1.6337968330414254,1.130850262558927,,,-2.5,0.15,7500,3.0,0.4
750030p00.smo,13.451654,3.268883,11.90595,2.998235,12.722532,3.167038,13.531406,3.214928,6.03002,1.638273,12.2049895,4.5143121042036976,1.073341876257032,1.8811586739288744,1.665456523031244,1.3033231087780248,3.6566280879111783,0.366968181931406,,,0.0,0.15,7500,3.0,0.4
750030p02.smo,14.040669,3.4621,12.158415,3.127048,12.939752,3.234637,13.820198,3.201487,7.237999,1.6836099999999998,12.635927,4.5921568220152285,0.8738653312898621,1.6823704958585701,1.5306914539052745,1.035483605392475,11.710114922611025,0.4331051959338797,,,0.2,0.15,7500,3.0,0.4
775020m05.smo,11.537684,2.6714635,10.3220145,2.0679925,10.9603445,2.5393175,11.542691,2.3037695000000005,4.786851,1.4510370000000001,10.69103025,3.3703983998939173,0.6193348086665408,0.8927475195685076,0.7191529913048191,0.8748273108014206,0.8139821854618379,0.4722844302553365,,,-0.5,0.15,7750,2.0,0.4
775020m10.smo,11.229402,2.5522560000000003,10.539381,2.138687,11.112464,2.56914,11.343401,2.232754,3.739554,1.366773,10.8023855,3.4113257666007217,0.6110438637952071,0.953009837909192,0.7553541194782423,0.9152616544187844,0.7240485051280043,0.4197203809577509,,,-1.0,0.15,7750,2.0,0.4
775020m15.smo,11.2057265,2.521677,10.959471,2.2500294999999997,11.220903,2.5379075,11.5987145,2.438491,2.4301455,1.2107085,11.17244825,3.4687585003731836,0.5973023199782342,1.064305590041544,0.7783640647010177,0.8446865717865865,0.941778782894532,0.3752468832223816,,,-1.5,0.15,7750,2.0,0.4
775020m20.smo,10.985298,2.582014,11.13033,2.356721,11.236025,2.47278,11.482716,2.4382200000000003,1.777857,1.207758,11.1249125,3.4942626910957912,0.552995310092375,0.8993552364019323,0.6420512539772871,0.912351021804934,0.9187555148921588,0.8155134998819228,,,-2.0,0.15,7750,2.0,0.4
775020m25.smo,11.0979645,2.64751,11.0873685,2.2339740000000003,11.368533500000002,2.5499175,11.3489645,2.3296265,1.5546790000000001,1.6207504999999998,11.2467175,3.485138342629053,0.5414014202472489,1.1270045558948691,0.7191609995000752,0.928875550403788,0.9668015767466691,2.560862612554211,,,-2.5,0.15,7750,2.0,0.4
775020p00.smo,11.4114605,2.6168155,9.823025,2.104896,10.6663815,2.5988105,11.423301,2.1615505,6.034202499999999,1.636917,10.29583825,3.4056501258567287,0.5449782711018142,1.0125460510329174,0.5682135195712533,0.9165145424526132,0.7494839345474742,0.44238187557247377,,,0.0,0.15,7750,2.0,0.4
775020p02.smo,11.502307,2.747842,9.573855,2.11653,10.677534,2.5355380000000003,11.692037,2.128067,7.1721210000000015,1.826381,10.1650425,3.4125283847213637,0.4701069128198437,1.4368203695241075,0.6608314699893398,0.6295925324999384,0.6386200124612321,0.5706123755251602,,,0.2,0.15,7750,2.0,0.4
775025m05.smo,13.321011,2.970005,12.253285,2.477993,13.006306,2.903118,13.375591,2.703741,4.408221,1.382343,12.670921,3.8888248701079364,0.6315830985590427,1.4788987262998343,0.9099747808481142,1.0592070752226403,2.6374085871064517,0.3707697637511063,,,-0.5,0.15,7750,2.5,0.4
775025m10.smo,13.104142,3.166468,12.762427,2.4201655,12.9263605,2.934336,13.286359999999998,2.5566869999999997,3.3838985,1.1527165000000001,12.913658000000002,3.9037538703757617,0.8740442793328507,1.3681359446576962,1.0470385255941212,1.2235390354344344,0.8377468864471694,0.33620992198740285,,,-1.0,0.15,7750,2.5,0.4
775025m15.smo,12.691481,3.068841,13.108029,2.6570150000000003,13.290621,2.956399,13.422597,2.666405,2.266311,1.201002,13.174965499999999,3.99901516563991,0.709668458677456,1.3822807798201728,1.0102050106251628,1.035158192439345,1.2901406710950691,0.5412840561277023,,,-1.5,0.15,7750,2.5,0.4
775025m20.smo,12.716548,3.141083,12.965342999999999,2.6507165,13.129935000000001,2.883388,13.341719,2.6863715,1.6378795,1.2013465,13.1157245,4.067456470367357,0.9703514389965556,1.7689239403487074,1.5403191746035134,1.1375536876997645,1.2655448626342738,0.6274890925245414,,,-2.0,0.15,7750,2.5,0.4
775025m25.smo,12.662281,2.869043,13.217620000000002,2.6207580000000004,13.220070000000002,2.82498,13.514073000000002,2.660685,1.230501,1.392328,13.219811499999999,3.9025146186079818,1.1724009593200413,1.2577936073270028,1.7592844044816458,1.3614874172547953,1.4146210781028623,1.0034613157107148,,,-2.5,0.15,7750,2.5,0.4
775025p00.smo,13.372747,3.030607,12.156468499999999,2.6621305,12.9952675,2.9623485,13.531682,2.6881385,5.586198,1.4463035,12.5125115,4.060325330555372,0.7482164708938238,1.085526414252986,1.1768645486181202,0.9148048385935228,5.445281671390214,0.3371565063324313,,,0.0,0.15,7750,2.5,0.4
775025p02.smo,13.665869,3.0469665,11.7149325,2.5552365000000004,12.847116499999998,2.9963125,13.565883500000002,2.6349905,6.6691485,1.6095435,12.35932975,4.045943248616359,0.8870478100641461,1.2553003564399197,1.2263375053429002,1.2863370449557434,2.1039900810586083,0.4085963493453432,,,0.2,0.15,7750,2.5,0.4
775030m05.smo,14.4548015,3.4626635,13.6975235,2.979679,14.456399,3.2749535,14.4614555,2.945218,4.068048999999999,1.321828,13.972010750000004,4.553949224586826,0.907664418244922,2.19958562110444,1.3666108965425396,1.4901221538200904,2.149544204915557,0.3787663173864968,,,-0.5,0.15,7750,3.0,0.4
775030m10.smo,13.936096,3.358206,13.894870999999998,2.943692,14.397397,3.327139,14.244711,2.938385,3.142755,1.20628,14.0334505,4.593476189660288,1.38510302009977,1.3999022675998822,1.522758750415135,2.2246682539396203,1.921970349068892,0.3147205318062765,,,-1.0,0.15,7750,3.0,0.4
775030m15.smo,13.751518,3.220269,14.05713,3.022811,14.343503,3.301908,14.217872,2.885938,2.178236,1.288657,14.1217,4.546807824760687,0.9304361234065538,1.5849345359367175,1.2305919310691942,1.495921776982162,1.8528084564319467,0.4396392615971886,,,-1.5,0.15,7750,3.0,0.4
775030m20.smo,13.772554500000002,3.3650185,13.831783,2.9115345,14.463145,3.272423,14.1754655,2.8048275,1.5787084999999998,1.2080775,14.06515325,4.480419347626292,1.0152011381650166,1.4801528385403844,1.6934434751697285,1.4420890462054419,1.4988631824724523,0.8919402533046178,,,-2.0,0.15,7750,3.0,0.4
775030m25.smo,13.503945000000002,3.260755,13.954768,3.067676,14.331676000000002,3.283482,14.029368,2.698816,1.180844,1.574615,13.968304500000002,4.597477158019601,0.9896528819641892,1.763020610633345,1.6587217284101528,1.5504954578421712,1.6008171313660369,1.1629679321880468,,,-2.5,0.15,7750,3.0,0.4
775030p00.smo,14.6713525,3.343221,14.122363,3.2299955000000002,14.554179999999999,3.2879089999999995,15.129703500000002,3.3384699999999996,5.160218,1.4627210000000002,14.1239535,4.6581590908718775,1.1581666013854803,1.7347215795449935,1.7773477800060609,1.5226740755740795,3.83298450292688,0.5134067337362329,,,0.0,0.15,7750,3.0,0.4
775030p02.smo,14.999805,3.500046,14.119629000000002,3.10779,14.52006,3.297432,15.307744,3.4636089999999995,6.147058,1.4858790000000002,14.297032999999999,4.6609218634056715,1.0072008182716077,1.933394961864059,1.52347076036645,1.1852863200111774,2.9597978665805953,0.398127610244414,,,0.2,0.15,7750,3.0,0.4
